,image_id,student_id,qc_status,blue_score,exposure_score,blur_score,saturation_score,occupancy_score,fail_reasons,food_name,is_fruit,fruit_instance,lighting_session,background_id
0,01625398_003,01625398,pass,-0.0042948438634713,0.4845809731299927,190.3078049687548,0.2882823636999381,0.7177777777777777,none,apple,True,1,L2,B3
1,01625398_011,01625398,flagged,-0.06019728879206,0.4241326555313483,301.44956980643195,0.232261491702305,0.167037037037037,occupancy_issue,carrot,False,1,L2,B3
2,01625398_020,01625398,flagged,-0.0479837811667877,0.4809155168240135,477.2408311385459,0.1669719465289545,0.4961728395061728,saturation_issue,cucumber,False,1,L2,B3
3,01625398_019,01625398,flagged,-0.0332251270878721,0.4674074074074074,1903.3909480109735,0.1283009225638129,0.1950617283950617,"saturation_issue, occupancy_issue",cucumber,False,1,L2,B3
4,01625398_017,01625398,flagged,-0.02259283466473,0.428231420963447,346.44273580246914,0.1123658516904704,0.1288888888888889,"saturation_issue, occupancy_issue",cucumber,False,1,L2,B3
5,01625398_012,01625398,flagged,-0.0764635681433067,0.495843137254902,1501.7101419143426,0.2316321041448129,0.1514814814814815,occupancy_issue,carrot,False,1,L2,B3
6,01625398_002,01625398,pass,-0.0241217622851609,0.4840503510045993,228.48047277853988,0.3389763038274295,0.6077777777777778,none,apple,True,1,L2,B3
7,01625398_009,01625398,pass,-0.1307697893972403,0.5620595497458242,1159.1907312147537,0.4550821700422282,0.8087654320987654,none,orange,True,1,L1,B3
8,01625398_001,01625398,flagged,-0.0682265795206971,0.4935008472524813,1662.6457460752931,0.328450200381936,0.1823456790123457,occupancy_issue,apple,True,1,L2,B3
9,01625398_008,01625398,pass,-0.1769135802469136,0.5061113531832486,252.175606447188,0.6710522068909869,0.3075308641975308,none,orange,True,1,L2,B3
10,01625398_010,01625398,flagged,-0.1281483902202856,0.4997550229968531,1052.8044212010366,0.481165442857527,0.1846913580246913,occupancy_issue,orange,True,1,L2,B3
11,01625398_004,01625398,pass,-0.0766918421689663,0.5220808520939239,1260.653509769852,0.3282565426719385,0.774320987654321,none,apple,True,1,L1,B3
12,01625398_005,01625398,flagged,-0.0532841926894214,0.5108990559186637,1382.473621383935,0.2318445896877269,0.1333333333333333,occupancy_issue,apple,True,1,L2,B3
13,01625398_015,01625398,pass,-0.0785754054708303,0.5278779956427014,1465.2802075750649,0.2818755211275182,0.4651851851851852,none,carrot,False,1,L1,B3
14,01625398_016,01625398,flagged,-0.0540648753328492,0.5300513192931493,1441.8432262764825,0.1949716237661045,0.6041975308641976,saturation_issue,cucumber,False,1,L1,B3
15,01625398_014,01625398,flagged,-0.0491089324618736,0.4385325587024933,386.265838667886,0.2080408295005245,0.1632098765432098,occupancy_issue,carrot,False,1,L2,B3
16,01625398_007,01625398,flagged,-0.1372115710481723,0.509609779714355,1207.406437799116,0.5102248581188304,0.1924691358024691,occupancy_issue,orange,True,1,L2,B3
17,01625398_013,01625398,flagged,-0.0596894214475913,0.4641825223916727,1364.362342249657,0.1866806530568331,0.1388888888888889,"saturation_issue, occupancy_issue",carrot,False,1,L2,B3
18,01625398_018,01625398,flagged,-0.0275146453643185,0.4699816025175501,1877.3041702636792,0.1149869550014793,0.1611111111111111,"saturation_issue, occupancy_issue",cucumber,False,1,L2,B3
19,01625398_006,01625398,pass,-0.0970876301137739,0.4986545630597918,169.82463978052127,0.5534925630059981,0.5090123456790123,none,orange,True,1,L2,B3
20,01616148_017,01616148,flagged,-0.0432856451222464,0.5798533042846769,297.978088340192,0.1820597649210576,0.2565432098765432,saturation_issue,cucumber,False,1,L4,B4
21,01616148_016,01616148,flagged,-0.0511299927378358,0.5899341563786009,166.78220752934,0.2404394954140778,0.1112345679012345,occupancy_issue,cucumber,False,1,L4,B4
22,01616148_003,01616148,pass,-0.099073589929799,0.5577647058823528,834.1223259259259,0.6323489066408456,0.6654320987654321,none,apple,True,1,L2,B3
23,01616148_006,01616148,pass,-0.1794270152505447,0.5038692810457517,329.5994475842097,0.7968396137604562,0.7769135802469136,none,orange,True,1,L2,B1
24,01616148_001,01616148,flagged,-0.0905969498910675,0.3981389494069232,220.73957352537724,0.6328881895693805,0.7155555555555555,exposure_issue,apple,True,1,L1,B1
25,01616148_008,01616148,pass,-0.2181282982328734,0.5689387557492134,409.9382518518518,0.8338551332741603,0.6265432098765432,none,orange,True,1,L1,B3
26,01616148_005,01616148,pass,-0.1215611232147179,0.4714504962478818,579.8382289285169,0.6609739368998628,1.0,none,apple,True,1,L2,B3
27,01616148_013,01616148,pass,-0.2029203582667634,0.5107412248850158,549.9690430727023,0.6189824901153878,0.9460493827160494,none,carrot,False,1,L1,B1
28,01616148_018,01616148,flagged,-0.0469302832244008,0.5314548535463568,121.37770163084896,0.218346378331854,0.0943209876543209,occupancy_issue,cucumber,False,1,L4,B5
29,01616148_012,01616148,pass,-0.1663742435245703,0.4981684822076979,70.7507370675202,0.5395169316011726,1.0,none,carrot,False,1,L3,B2
30,01616148_014,01616148,pass,-0.2372263374485596,0.5730007262164124,586.6315564090839,0.6298179079587939,0.875679012345679,none,carrot,False,1,L2,B2
31,01616148_010,01616148,pass,-0.1635916243040426,0.4872316630355845,280.3258424630391,0.778556443153393,0.7390123456790123,none,orange,True,1,L2,B1
32,01616148_004,01616148,pass,-0.1488898571774388,0.4520396998305495,487.3727813443072,0.7315218268377309,1.0,none,apple,True,1,L2,B3
33,01616148_002,01616148,pass,-0.118634229000242,0.5026594045025418,468.7171768175583,0.5605153446838269,0.7734567901234568,none,apple,True,1,L1,B1
34,01616148_015,01616148,pass,-0.1347908496732026,0.4644386347131445,579.3391537113243,0.585252427445601,0.9318518518518518,none,carrot,False,1,L2,B2
35,01616148_011,01616148,pass,-0.1857431614621157,0.6032858871943838,411.9889731900625,0.6222760160305548,0.98679012345679,none,carrot,False,1,L3,B2
36,01616148_009,01616148,flagged,-0.252159283466473,0.5729518276446381,470.3609171772595,0.8649250921218967,0.8461728395061728,blue_channel_issue,orange,True,1,L2,B3
37,01616148_007,01616148,pass,-0.0676925683853788,0.5126332607116921,546.0791434232588,0.6062562199090884,1.0,none,orange,True,1,L1,B1
38,01616148_019,01616148,flagged,-0.0468920358266763,0.5815434519486808,195.82849765279687,0.1910487102934452,0.4495061728395061,saturation_issue,cucumber,False,1,L4,B5
39,01616148_020,01616148,pass,-0.05039264100702,0.5578358750907771,115.8097975308642,0.2270408026036203,0.4746913580246913,none,cucumber,False,1,L4,B5
40,01610963_003,01610963,pass,-0.1490907770515613,0.7324846284192691,206.4408093278464,0.5795677667500471,0.3091358024691358,none,orange,True,1,L1,B2
41,01610963_005,01610963,pass,-0.1114521907528443,0.4202904865649963,387.706087654321,0.6173269856639501,0.2537037037037037,none,orange,True,1,L2,B1
42,01610963_013,01610963,flagged,-0.0902316630355846,0.7163389009924959,392.95245631763447,0.3052408617768095,0.1890123456790123,occupancy_issue,carrot,False,1,L1,B2
43,01610963_009,01610963,pass,-0.109797385620915,0.6972578068264343,174.677351303155,0.4836856827779123,0.3151851851851852,none,apple,True,1,L2,B2
44,01610963_008,01610963,pass,-0.0791505688695231,0.6615119825708061,464.39311475384847,0.4804526748971193,0.43,none,apple,True,1,L1,B2
45,01610963_007,01610963,flagged,0.0612645848462841,0.4675410312273057,341.11918395061724,0.377952607654859,1.0,blue_channel_issue,apple,True,1,L1,B1
46,01610963_016,01610963,flagged,-0.0367431614621157,0.3565620915032679,671.9755965706447,0.2954154226848489,0.3301234567901234,exposure_issue,cucumber,False,1,L1,B1
47,01610963_010,01610963,flagged,0.0360706850641491,0.4484444444444445,233.92023281511968,0.4206581672449501,1.0,blue_channel_issue,apple,True,1,L2,B1
48,01610963_002,01610963,pass,-0.115117889130961,0.4762720890825466,395.18996913580247,0.4430094946071707,0.2054320987654321,none,orange,True,1,L1,B1
49,01610963_001,01610963,pass,-0.1545836359235051,0.431037037037037,291.38389202865415,0.6819252804002259,0.5830864197530864,none,orange,True,1,L1,B1
50,01610963_012,01610963,pass,-0.0837707576857903,0.4434872912127814,612.4250452065234,0.2613747007719412,0.3245679012345679,none,carrot,False,1,L1,B1
51,01610963_014,01610963,pass,-0.1086046961994674,0.7269155168240136,347.94439012345686,0.457537857392614,0.2671604938271605,none,carrot,False,1,L2,B2
52,01610963_019,01610963,pass,-0.0530014524328249,0.6382541757443718,846.0321746532541,0.2579278625030258,0.3244444444444444,none,cucumber,False,1,L2,B2
53,01610963_004,01610963,pass,-0.1666884531590413,0.7123853788428952,309.23017373875933,0.6974958982221147,0.411358024691358,none,orange,True,1,L2,B2
54,01610963_017,01610963,flagged,-0.0432147179859598,0.3885984023238925,740.0392388965098,0.2065789827590844,0.3859259259259259,exposure_issue,cucumber,False,1,L1,B1
55,01610963_020,01610963,pass,-0.0442507867344468,0.4442062454611474,1063.0307681146166,0.2259541676753006,0.2498765432098765,none,cucumber,False,1,L2,B1
56,01610963_006,01610963,flagged,0.0940372791091745,0.4878324860808521,434.408509739369,0.3709863094757794,1.0,blue_channel_issue,apple,True,1,L1,B1
57,01610963_015,01610963,pass,-0.1093183248608085,0.4397467925441781,445.1852323731138,0.3966997498587912,0.4316049382716049,none,carrot,False,1,L2,B1
58,01610963_011,01610963,pass,-0.0929423868312757,0.4582643427741467,695.3736043895748,0.3671723284649936,0.2434567901234567,none,carrot,False,1,L1,B1
59,01610963_018,01610963,pass,-0.0477129024449285,0.6263718228031954,661.8365255906112,0.2461577772398397,0.3069135802469135,none,cucumber,False,1,L1,B2
60,01674115_010,01674115,flagged,-0.330632292423142,0.693440329218107,175.08808832495046,0.821842975873477,1.0,blue_channel_issue,orange,True,1,L1,B3
61,01674115_002,01674115,flagged,-0.1674693778746066,0.8033052529653837,294.89617392165826,0.5288939993006805,0.6292592592592593,exposure_issue,apple,True,1,L3,B1
62,01674115_009,01674115,flagged,-0.250202614379085,0.8187334785766158,485.1504875933547,0.6413486107748998,0.985925925925926,"blue_channel_issue, exposure_issue",orange,True,1,L3,B3
63,01674115_006,01674115,flagged,-0.4091919632050351,0.8103301863955459,136.61042792257277,0.78719438392641,1.0,"blue_channel_issue, exposure_issue",orange,True,1,L2,B3
64,01674115_007,01674115,flagged,-0.2568029532800774,0.8133599612684581,340.0888098765432,0.5945372387638183,1.0,"blue_channel_issue, exposure_issue",orange,True,1,L4,B3
65,01674115_001,01674115,pass,-0.1899520697167755,0.7794974582425563,517.0867404968754,0.6244318028994862,0.9790123456790124,none,apple,True,1,L3,B3
66,01674115_005,01674115,flagged,-0.1686407649479545,0.8447044299201163,500.9223401768023,0.524715565238441,1.0,exposure_issue,apple,True,1,L1,B3
67,01674115_008,01674115,flagged,-0.218952311788913,0.8732544178165094,193.80936776406037,0.6664770434922941,0.5581481481481482,exposure_issue,orange,True,1,L3,B1
68,01674115_003,01674115,flagged,-0.3198022270636649,0.8951062696683613,542.116435665295,0.7036095645391216,1.0,"blue_channel_issue, exposure_issue",apple,True,1,L2,B3
69,01674115_004,01674115,pass,-0.2429392398934882,0.7796373759380295,278.3469462581924,0.4976855213964873,1.0,none,apple,True,1,L4,B3
70,01674115_018,01674115,flagged,-0.2604860808520939,0.7992282740256597,299.8950693491845,0.4117014981575621,1.0,blue_channel_issue,cucumber,False,1,L4,B3
71,01674115_020,01674115,pass,-0.128439360929557,0.741846042120552,1034.3979286541687,0.364688399365233,0.981851851851852,none,cucumber,False,1,L3,B3
72,01674115_011,01674115,flagged,-0.2502931493585088,0.7245044783345437,227.96957805212625,0.5436832620565373,1.0,blue_channel_issue,carrot,False,1,L1,B3
73,01674115_019,01674115,pass,-0.1122515129508593,0.7421617041878481,308.7026901234568,0.2785255117136018,1.0,none,cucumber,False,1,L3,B1
74,01674115_014,01674115,flagged,-0.1941955942870975,0.8187208908254661,342.02037640603567,0.4984803249146023,1.0,exposure_issue,carrot,False,1,L3,B1
75,01674115_012,01674115,flagged,-0.4247179859598161,0.8411580731057856,276.0800410150892,0.7527905538072568,1.0,"blue_channel_issue, exposure_issue",carrot,False,1,L2,B3
76,01674115_016,01674115,flagged,-0.4052331154684097,0.8520363108206246,235.95842784636488,0.6550122380913956,1.0,"blue_channel_issue, exposure_issue",cucumber,False,1,L2,B3
77,01674115_013,01674115,flagged,-0.2545652384410554,0.7985693536673929,356.95593775339125,0.5019002662793512,1.0,blue_channel_issue,carrot,False,1,L4,B3
78,01674115_017,01674115,pass,-0.1614669571532316,0.6690191236988623,288.9663784636488,0.3245501492778181,1.0,none,cucumber,False,1,L1,B3
79,01674115_015,01674115,pass,-0.1799871701767126,0.7795444202372308,827.3953116902911,0.5089593587778047,0.9476543209876545,none,carrot,False,1,L3,B3
80,01666596_005,01666596,flagged,-0.0180125877511498,0.2532970225127088,587.3403824264593,0.2152007853896016,0.5296296296296297,exposure_issue,orange,True,1,L3,B1
81,01666596_015,01666596,pass,-0.1206480271120794,0.6861917211328977,1277.2019140222526,0.5512668441862342,0.3408641975308642,none,apple,True,1,L3,B1
82,01666596_006,01666596,flagged,0.040312757201646,0.5925717743887678,7479.165667794544,0.0986484305656418,0.4203703703703704,"blue_channel_issue, saturation_issue",cucumber,False,1,L1,B2
83,01666596_014,01666596,pass,-0.1153188090050835,0.5638518518518518,1033.4636804602958,0.5503617633610371,0.9138271604938272,none,apple,True,1,L3,B1
84,01666596_004,01666596,flagged,-0.0228675865407891,0.2353207455821834,475.2722604938272,0.5449447268619382,0.9934567901234568,exposure_issue,orange,True,1,L3,B1
85,01666596_003,01666596,pass,0.0057230694747034,0.4616523844105543,408.0466150891632,0.4808709217569057,1.0,none,orange,True,1,L3,B1
86,01666596_002,01666596,pass,-0.0040820624546114,0.4891043330912612,614.4910455723212,0.5240942467521988,1.0,none,orange,True,1,L3,B1
87,01666596_001,01666596,pass,-0.0737112079399661,0.4013144517066085,543.2145111415942,0.5049059953199386,0.7024691358024692,none,orange,True,1,L3,B1
88,01666596_007,01666596,flagged,0.0275223916727184,0.5967693052529655,3595.3135356652947,0.1868823798380806,0.3317283950617284,"blue_channel_issue, saturation_issue",cucumber,False,1,L1,B2
89,01666596_008,01666596,flagged,0.0290058097312999,0.6020484144274995,6461.527959152569,0.1642069447806557,0.5577777777777778,"blue_channel_issue, saturation_issue",cucumber,False,1,L1,B2
90,01666596_010,01666596,flagged,-0.0065250544662309,0.3168041636407649,252.47567437890564,0.1890381667070119,0.0543209876543209,"exposure_issue, saturation_issue, occupancy_issue",cucumber,False,1,L4,B3
91,01666596_019,01666596,flagged,-0.1015250544662309,0.3923359961268458,1771.4022095869532,0.3434627074423734,0.7988888888888889,exposure_issue,carrot,False,1,L4,B3
92,01666596_016,01666596,pass,-0.0867598644396029,0.7001549261679981,1453.1380815576892,0.2723217407676376,0.3262962962962963,none,carrot,False,1,L1,B2
93,01666596_017,01666596,pass,-0.0806105059307673,0.5954011135318326,1593.1371654320988,0.2811210629656526,0.2469135802469135,none,carrot,False,1,L1,B2
94,01666596_020,01666596,flagged,-0.0955925925925925,0.3834306463326071,2713.447748270081,0.3462277091906721,0.9017283950617284,exposure_issue,carrot,False,1,L4,B3
95,01666596_009,01666596,flagged,-0.0035833938513677,0.3845683853788429,561.7039503734186,0.1219653567874337,0.0277777777777777,"exposure_issue, saturation_issue, occupancy_issue",cucumber,False,1,L4,B3
96,01666596_012,01666596,pass,-0.0818416848220769,0.620632292423142,421.9300226185033,0.4323704241641787,0.2066666666666666,none,apple,True,1,L3,B1
97,01666596_018,01666596,pass,-0.0776313241345921,0.6815294117647059,1520.151069577808,0.2095470561338389,0.2633333333333333,none,carrot,False,1,L1,B2
98,01666596_011,01666596,pass,-0.0909302832244008,0.6136267247639796,454.394063648834,0.4649479544904381,0.2476543209876543,none,apple,True,1,L3,B1
99,01666596_013,01666596,pass,-0.1316690873880416,0.584720406681191,1164.2064224356045,0.4663869388633368,0.971358024691358,none,apple,True,1,L3,B1
100,01475980_003,01475980,pass,-0.068753086419753,0.5811696925683855,250.88634348422497,0.2271833561957018,0.2858024691358025,none,apple,True,1,L1,B1
101,01475980_015,01475980,pass,-0.127353667392883,0.551441781650932,712.3926975156227,0.3461712256919229,0.5987654320987654,none,carrot,False,1,L1,B1
102,01475980_018,01475980,pass,-0.1005623335754054,0.6199636891793754,271.9998978814205,0.31612872858334,0.4074074074074074,none,cucumber,False,1,L1,B1
103,01475980_006,01475980,pass,-0.2050786734446865,0.6671503267973856,358.28860446578267,0.6271214933161192,0.5369135802469136,none,orange,True,1,L1,B1
104,01475980_002,01475980,pass,-0.0948784797869765,0.6465732268215928,360.8757578875172,0.2948842088275639,0.392716049382716,none,apple,True,1,L1,B1
105,01475980_012,01475980,pass,-0.0673067053982086,0.5722357782619221,711.8164709038257,0.2485879125312676,0.2998765432098765,none,carrot,False,1,L1,B1
106,01475980_017,01475980,flagged,-0.061478818687969,0.5626221253933672,285.94753072702326,0.2253422631055165,0.1532098765432099,occupancy_issue,cucumber,False,1,L1,B1
107,01475980_016,01475980,pass,-0.0801486322924231,0.6523461631566205,260.00345403139767,0.2723351892197208,0.2109876543209876,none,cucumber,False,1,L1,B1
108,01475980_013,01475980,flagged,-0.0281469377874606,0.5148772694262891,650.3043063404969,0.1062414266117969,0.1123456790123456,"saturation_issue, occupancy_issue",carrot,False,1,L1,B1
109,01475980_010,01475980,pass,-0.2453163882837085,0.6700067780198499,354.1238454351471,0.7393299981172168,0.6553086419753087,none,orange,True,1,L1,B1
110,01475980_019,01475980,pass,-0.1794091019123698,0.6237801984991528,357.527531717726,0.7266239005890422,0.7385185185185185,none,cucumber,False,1,L1,B1
111,01475980_008,01475980,pass,-0.1716112321471798,0.5981268458000484,354.55672115531166,0.6447739315204819,0.6862962962962963,none,orange,True,1,L1,B1
112,01475980_004,01475980,pass,-0.0683832001936576,0.5961689663519729,237.2282050144795,0.2101710643104978,0.2766666666666666,none,apple,True,1,L1,B1
113,01475980_020,01475980,pass,-0.120994674412975,0.6114427499394819,523.004186495961,0.4639487345006589,0.3577777777777777,none,cucumber,False,1,L1,B1
114,01475980_014,01475980,pass,-0.0342164124909223,0.527678044057129,674.6642447187928,0.2058245245972189,0.2385185185185185,none,carrot,False,1,L1,B1
115,01475980_011,01475980,flagged,-0.0369762769305253,0.5455899297990802,763.4586655083067,0.1361131283789236,0.1807407407407407,"saturation_issue, occupancy_issue",carrot,False,1,L1,B1
116,01475980_005,01475980,pass,-0.0877182280319535,0.5882236746550471,306.2126062947722,0.3951356948815192,0.4501234567901234,none,apple,True,1,L1,B1
117,01475980_009,01475980,pass,-0.2036993464052287,0.6630021786492374,357.5640447950007,0.647552381720864,0.6472839506172839,none,orange,True,1,L1,B1
118,01475980_001,01475980,pass,-0.0714199951585572,0.545918663761801,246.31424197530865,0.2591395680357191,0.3916049382716049,none,apple,True,1,L1,B1
119,01475980_007,01475980,pass,-0.2324122488501573,0.612320503510046,722.5281706447188,0.866514699158127,0.7779012345679013,none,orange,True,1,L1,B1
120,01483309_003,01483309,flagged,-0.0210522875816993,0.6240905349794239,1437.5930385459533,0.2222356706743053,0.1118518518518518,occupancy_issue,apple,True,1,L1,B1
121,01483309_004,01483309,flagged,-0.1191401597676107,0.3569227789881384,143.5164559518366,0.5973129992737837,0.9871604938271604,exposure_issue,apple,True,1,L3,B2
122,01483309_001,01483309,flagged,-0.0361258775114984,0.6339336722343257,1595.4061953208352,0.2999677237150004,0.1585185185185185,occupancy_issue,apple,True,1,L1,B1
123,01483309_005,01483309,pass,-0.0987915758896151,0.5173313967562333,3068.169949382716,0.4480943543398155,0.7679012345679013,none,apple,True,1,L3,B3
124,01483309_002,01483309,flagged,-0.0389251997095134,0.592236746550472,2707.6801124676117,0.2960824659081739,0.1828395061728395,occupancy_issue,apple,True,1,L1,B1
125,01483309_020,01483309,pass,-0.0290910191236988,0.5935725006051803,2388.9640630848958,0.2084590763603108,0.225679012345679,none,cucumber,False,1,L1,B1
126,01483309_017,01483309,pass,-0.0762306947470346,0.5391590413943355,5474.547835558603,0.2890959950509696,0.7187654320987654,none,cucumber,False,1,L3,B3
127,01483309_018,01483309,flagged,-0.0350280803679496,0.5353681917211328,3372.756237707666,0.2392103068936765,0.182716049382716,occupancy_issue,cucumber,False,1,L1,B3
128,01483309_012,01483309,flagged,-0.1020244492858871,0.3582614379084967,251.6878415485444,0.3766077624465424,0.9660493827160492,exposure_issue,carrot,False,1,L3,B2
129,01483309_015,01483309,flagged,-0.0308402323892519,0.6016727184701041,1562.6011964639536,0.1523440651980957,0.1128395061728395,"saturation_issue, occupancy_issue",carrot,False,1,L1,B1
130,01483309_014,01483309,flagged,-0.0439477124183006,0.5349474703461632,3009.160522161256,0.1491796444229269,0.1204938271604938,"saturation_issue, occupancy_issue",carrot,False,1,L1,B3
131,01483309_009,01483309,flagged,-0.1226141370128298,0.305196804647785,135.99180192043897,0.5847696280158154,0.9775308641975308,exposure_issue,orange,True,1,L3,B2
132,01483309_010,01483309,flagged,-0.1339862018881627,0.3154417816509319,141.55021850327697,0.6302186718308722,0.9751851851851852,exposure_issue,orange,True,1,L3,B2
133,01483309_008,01483309,pass,-0.1065511982570806,0.5355628177196805,4531.203777640603,0.351572124048522,0.662962962962963,none,orange,True,1,L3,B3
134,01483309_011,01483309,pass,-0.0899029290728637,0.5298755749213265,3757.247824965706,0.2219317356572258,0.7755555555555556,none,carrot,False,1,L3,B3
135,01483309_019,01483309,pass,-0.041318566932946,0.521752602275478,3017.208582517909,0.2675367815164474,0.2349382716049382,none,cucumber,False,1,L1,B3
136,01483309_013,01483309,pass,-0.0836601307189542,0.5472641007020091,5400.652828288371,0.227060975281745,0.7039506172839506,none,carrot,False,1,L3,B3
137,01483309_007,01483309,flagged,-0.0470038731541999,0.6343408375695957,784.5978584209723,0.2892977218322171,0.1309876543209876,occupancy_issue,orange,True,1,L1,B1
138,01483309_006,01483309,pass,-0.0628571774388767,0.6253783587509079,1532.210674150282,0.3240323838726163,0.2371604938271605,none,orange,True,1,L1,B1
139,01483309_016,01483309,pass,-0.0764214475913822,0.5265156136528685,4741.474948087182,0.3080341052744829,0.4991358024691358,none,cucumber,False,1,L3,B3
140,01471890_009,01471890,pass,-0.1303972403776325,0.5466986201888162,331.31669843011736,0.6046787164797331,0.4862962962962963,none,apple,True,1,L1,B2
141,01471890_020,01471890,flagged,-0.260922052771726,0.6970728637133865,623.2260449778997,0.8665120094677103,1.0,blue_channel_issue,orange,True,1,L2,B3
142,01471890_005,01471890,flagged,-0.0655606390704429,0.2901011861534737,334.95882755677485,0.396609645229834,0.841358024691358,exposure_issue,cucumber,False,1,L1,B2
143,01471890_013,01471890,flagged,-0.1042582909707092,0.8575773420479305,410.1376908398111,0.319302563274967,0.207037037037037,exposure_issue,carrot,False,1,L2,B1
144,01471890_006,01471890,pass,-0.1034531590413943,0.7214287097555072,226.1215049382716,0.56639231824417,0.3948148148148148,none,apple,True,1,L2,B1
145,01471890_015,01471890,pass,-0.2064647785039941,0.7742895182764464,662.8463780521262,0.5078807929207348,1.0,none,carrot,False,1,L2,B3
146,01471890_002,01471890,pass,-0.0317102396514161,0.4912529653836843,3197.474058832495,0.297174480217327,0.3965432098765432,none,cucumber,False,1,L1,B3
147,01471890_008,01471890,pass,-0.1993221980150084,0.5610946502057613,193.2685587410456,0.7602019957502892,1.0,none,apple,True,1,L2,B2
148,01471890_019,01471890,pass,-0.2114921326555313,0.5458997821350763,247.13773319615916,0.7779795045590254,1.0,none,orange,True,1,L2,B2
149,01471890_004,01471890,flagged,0.0008658920358266,0.6634834180585816,336.45368283798206,0.1759501331396756,0.2254320987654321,saturation_issue,cucumber,False,1,L2,B1
150,01471890_011,01471890,pass,-0.1238622609537642,0.4866807068506414,565.0267866941015,0.5186395545872671,0.5260493827160494,none,carrot,False,1,L1,B2
151,01471890_003,01471890,flagged,0.0097269426289034,0.6926497216170421,351.00509792714524,0.1772721159794507,0.0903703703703703,"saturation_issue, occupancy_issue",cucumber,False,1,L1,B1
152,01471890_001,01471890,pass,-0.0648015008472524,0.4792292423142096,302.787051303155,0.2381008095968154,0.918641975308642,none,cucumber,False,1,L1,B3
153,01471890_012,01471890,pass,-0.054314209634471,0.6601210360687485,298.6607357872275,0.303191317679335,0.261358024691358,none,carrot,False,1,L1,B1
154,01471890_014,01471890,pass,-0.158394093439845,0.5107693052529655,381.2009554031397,0.4937222625675785,0.9566666666666668,none,carrot,False,1,L2,B2
155,01471890_017,01471890,pass,-0.1668484628419269,0.523206487533285,320.32541008992536,0.6982826326689799,0.4201234567901235,none,orange,True,1,L1,B2
156,01471890_007,01471890,pass,-0.0768482207697894,0.6322241587993221,191.15278823350096,0.5968234756179565,0.3692592592592592,none,apple,True,1,L1,B1
157,01471890_018,01471890,pass,-0.1594061970467199,0.7460711692084242,282.1855511507392,0.716701632642083,0.3888888888888889,none,orange,True,1,L2,B1
158,01471890_016,01471890,pass,-0.11679399661099,0.6455516824013556,311.6076570492302,0.6880712230022324,0.3398765432098765,none,orange,True,1,L1,B1
159,01471890_010,01471890,pass,-0.1590781893004115,0.6762357782619222,785.0255982167353,0.5956077355496382,1.0,none,apple,True,1,L2,B3
160,01460705_002,01460705,pass,-0.0852222222222222,0.5928395061728395,213.97414801097395,0.2806032975604507,0.2764197530864197,none,carrot,False,1,L2,B1
161,01460705_017,01460705,flagged,-0.0574410554345194,0.5978625030259017,327.52266880048774,0.1557263508970117,0.2516049382716049,saturation_issue,cucumber,False,2,L2,B1
162,01460705_009,01460705,flagged,-0.2887191963205034,0.6552975066569838,171.62711562261853,0.8719989779176418,0.6498765432098765,blue_channel_issue,orange,True,1,L2,B3
163,01460705_008,01460705,pass,-0.1978034374243524,0.7176301137739046,112.77462124676116,0.7006872159014498,0.412716049382716,none,orange,True,1,L2,B1
164,01460705_013,01460705,pass,-0.1691471798595981,0.6187480029048656,110.3845232586496,0.6269318701417467,0.5532098765432099,none,apple,True,1,L2,B3
165,01460705_018,01460705,flagged,-0.0668988138465262,0.6260668119099492,289.2504936899863,0.1891309610263858,0.408395061728395,saturation_issue,cucumber,False,1,L2,B3
166,01460705_019,01460705,pass,-0.0681951101428225,0.5642348099733722,487.0001234567901,0.2480096290916915,0.451358024691358,none,cucumber,False,2,L2,B3
167,01460705_005,01460705,flagged,-0.0774519486807068,0.6757056402808037,156.89007497332722,0.1965827483256677,0.2323456790123456,saturation_issue,carrot,False,1,L2,B3
168,01460705_007,01460705,pass,-0.1979283466473008,0.7027513919147906,104.75994224965706,0.5984278759514781,0.4481481481481481,none,orange,True,1,L2,B1
169,01460705_016,01460705,flagged,-0.0626238198983297,0.5754267731784072,539.7872820606614,0.1914830952957314,0.4769135802469136,saturation_issue,cucumber,False,1,L2,B1
170,01460705_003,01460705,flagged,-0.0774519486807068,0.6757056402808037,156.89007497332722,0.1965827483256677,0.2323456790123456,saturation_issue,carrot,False,1,L2,B3
171,01460705_011,01460705,pass,-0.1606465746792544,0.6770791575889613,124.41024567901236,0.4799846687646251,0.4951851851851852,none,apple,True,1,L2,B1
172,01460705_010,01460705,pass,-0.2274771241830065,0.6605335269910433,128.32038681603413,0.7606229323004923,0.5676543209876543,none,orange,True,1,L2,B3
173,01460705_004,01460705,pass,-0.088835390946502,0.6597264584846283,255.91296111873191,0.2237096210226203,0.3372839506172839,none,carrot,False,1,L2,B3
174,01460705_020,01460705,flagged,-0.0797898813846526,0.6666279351246672,307.7570842249657,0.1907380510503241,0.55,saturation_issue,cucumber,False,1,L2,B3
175,01460705_006,01460705,pass,-0.1978034374243524,0.7176301137739046,112.77462124676116,0.7006872159014498,0.412716049382716,none,orange,True,1,L2,B1
176,01460705_014,01460705,pass,-0.1416710239651416,0.6941796175260228,122.22322345679012,0.4703770945964119,0.8080246913580247,none,apple,True,1,L2,B3
177,01460705_001,01460705,flagged,-0.0780711692084241,0.6727344468651658,197.50505061728396,0.2176941284058204,0.1964197530864197,occupancy_issue,carrot,False,1,L2,B1
178,01460705_012,01460705,pass,-0.1532464294359719,0.7113841684822076,152.6792760249962,0.4970870652787864,0.4528395061728395,none,apple,True,1,L2,B1
179,01460705_015,01460705,pass,-0.1935826676349552,0.6724066811909949,241.1571584209724,0.6078243094219855,0.9182716049382716,none,apple,True,1,L2,B3
180,01300169_005,01300169,pass,-0.1156811909949165,0.5636688453159042,1034.3520652949246,0.5508217004222813,0.9137037037037036,none,apple,True,1,L1,B3
181,01300169_015,01300169,flagged,-0.0556397966594045,0.6727436456063907,1023.705095732358,0.1005473519997848,0.1138271604938271,"saturation_issue, occupancy_issue",cucumber,False,1,L2,B3
182,01300169_012,01300169,flagged,-0.2183923989348826,0.8077095134350039,309.9564196159122,0.8093923989348827,0.4302469135802469,exposure_issue,orange,True,1,L3,B1
183,01300169_002,01300169,pass,-0.0822708787218591,0.620316146211571,422.34153103185486,0.4343285187874875,0.2077777777777777,none,apple,True,1,L3,B1
184,01300169_014,01300169,flagged,-0.351123214717986,0.9621442749939484,411.33751525682055,0.9183181365824794,0.5492592592592592,"blue_channel_issue, exposure_issue",orange,True,1,L1,B1
185,01300169_009,01300169,flagged,-0.2707339627208908,0.6126414911643671,821.9342381344308,0.6329016380214637,0.9851851851851852,blue_channel_issue,carrot,False,1,L3,B1
186,01300169_016,01300169,flagged,-0.0771319293149358,0.6526778019849916,1018.8666025910684,0.0920317921407246,0.2458024691358024,saturation_issue,cucumber,False,1,L3,B1
187,01300169_001,01300169,pass,-0.0804417816509319,0.5713255870249334,697.0869942234415,0.3849565614997713,0.4258024691358024,none,apple,True,1,L3,B3
188,01300169_010,01300169,flagged,-0.2862812878237715,0.7106719922536917,896.7992234567902,0.7359961268458,0.9214814814814816,blue_channel_issue,orange,True,1,L1,B1
189,01300169_020,01300169,pass,-0.1746155894456547,0.5929276204308883,1439.042872412742,0.5316697598106458,0.659753086419753,none,carrot,False,1,L2,B3
190,01300169_007,01300169,pass,-0.0917521181312031,0.513684822076979,482.9285776406036,0.3480930094946071,0.472716049382716,none,carrot,False,1,L2,B3
191,01300169_004,01300169,pass,-0.0747947228274025,0.5501612200435729,922.3204010973936,0.3650931977729363,0.4544444444444444,none,apple,True,1,L4,B3
192,01300169_017,01300169,flagged,-0.1089310094408133,0.6041747760832729,1342.2914540313975,0.1023104440678877,0.4290123456790123,saturation_issue,cucumber,False,1,L4,B3
193,01300169_019,01300169,flagged,-0.0754899540062938,0.6680193657709999,1176.2414814814815,0.091566475698647,0.1041975308641975,"saturation_issue, occupancy_issue",cucumber,False,1,L2,B3
194,01300169_006,01300169,pass,-0.1360229968530622,0.6385533769063181,502.6018991617132,0.4043008149761962,0.8723456790123457,none,carrot,False,1,L1,B3
195,01300169_011,01300169,pass,-0.1201326555313483,0.5509431130476883,471.2683648224357,0.5625016810565104,0.71,none,orange,True,1,L2,B3
196,01300169_008,01300169,pass,-0.1318709755507141,0.4477177438876785,444.433322664228,0.4392667903924259,0.3625925925925926,none,carrot,False,1,L4,B3
197,01300169_013,01300169,flagged,-0.3851256354393609,0.6914582425562817,697.5437989788143,0.7781852658758976,0.9950617283950616,blue_channel_issue,orange,True,1,L4,B3
198,01300169_018,01300169,flagged,-0.0653309126119583,0.6517322682159284,971.6814525224812,0.063435003631082,0.2601234567901234,saturation_issue,cucumber,False,1,L1,B1
199,01300169_003,01300169,pass,-0.0953735173081578,0.6726681190994916,1291.559888599299,0.4812945479975255,0.3972839506172839,none,apple,True,1,L2,B3
200,01439343_015,01439343,pass,-0.0237383200193657,0.4614287097555072,2586.078069440634,0.4876328034643212,1.0,none,apple,True,1,L3,B3
201,01439343_012,01439343,pass,-0.1021253933672234,0.644881142580489,635.6455997561347,0.5349054573818554,0.381358024691358,none,apple,True,1,L3,B1
202,01439343_018,01439343,pass,-0.1638651658194141,0.6183882837085452,1481.2712382106386,0.5197006374566289,0.9518518518518518,none,carrot,False,1,L3,B3
203,01439343_019,01439343,flagged,-0.0958881626724763,0.5207145969498911,1578.3135153025453,0.3782619220527717,0.1724691358024691,occupancy_issue,carrot,False,1,L3,B2
204,01439343_016,01439343,pass,-0.1073553618978455,0.6816470588235294,828.7658283798202,0.5141773581860728,0.3062962962962963,none,carrot,False,1,L3,B3
205,01439343_006,01439343,pass,-0.0922931493585088,0.6234461389494069,506.11209821673526,0.5450173485031872,0.2737037037037037,none,orange,True,1,L3,B3
206,01439343_004,01439343,pass,-0.0487785039941902,0.4126787702735414,297.556125270538,0.2116477043492294,0.3232098765432099,none,cucumber,False,1,L3,B2
207,01439343_007,01439343,pass,-0.1166635197288792,0.68639457758412,594.7133962962963,0.6418031684553108,0.3349382716049383,none,orange,True,1,L3,B1
208,01439343_020,01439343,flagged,-0.071038489469862,0.3866056644880174,7026.88857558299,0.2952405928077678,0.2019753086419753,exposure_issue,carrot,False,1,L3,B3
209,01439343_009,01439343,pass,-0.1438123940934398,0.4381679980634229,319.0484233958239,0.617517953683531,0.2938271604938272,none,orange,True,1,L3,B2
210,01439343_003,01439343,pass,-0.0866659404502541,0.5386197046719923,537.0151521262002,0.2992361279216762,0.8533333333333334,none,cucumber,False,1,L3,B3
211,01439343_013,01439343,pass,-0.1010167029774873,0.5603514887436455,389.54409198292944,0.3777912262298609,0.8824691358024691,none,apple,True,1,L3,B3
212,01439343_001,01439343,flagged,-0.0444304042604696,0.5373856209150326,1005.1640574759944,0.1752951935232254,0.2077777777777777,saturation_issue,cucumber,False,1,L3,B3
213,01439343_008,01439343,pass,-0.1404212055192447,0.579832486080852,351.2813259564091,0.6185023803760187,0.8711111111111111,none,orange,True,1,L3,B3
214,01439343_002,01439343,flagged,-0.043039457758412,0.6287755991285404,640.6711723670172,0.1756623362650959,0.1979012345679012,"saturation_issue, occupancy_issue",cucumber,False,1,L3,B1
215,01439343_017,01439343,pass,-0.1135925925925925,0.7079665940450254,661.4682611796982,0.5089432206353048,0.3539506172839506,none,carrot,False,1,L3,B1
216,01439343_010,01439343,pass,-0.1515354635681433,0.471040910191237,2795.9912278463644,0.667449366577907,0.3749382716049382,none,orange,True,1,L3,B3
217,01439343_005,01439343,pass,-0.046272331154684,0.4016998305495037,4444.569100807804,0.3073186476236585,0.4411111111111111,none,cucumber,False,1,L3,B3
218,01439343_014,01439343,pass,-0.089232873396272,0.4010297748729122,306.27123907940864,0.4020858549180989,0.2345679012345679,none,apple,True,1,L3,B2
219,01439343_011,01439343,pass,-0.0917245219075284,0.6558712176228515,792.4820070720926,0.4086769412840582,0.338641975308642,none,apple,True,1,L3,B3
220,01663557_005,01663557,flagged,-0.0714676833696441,0.6650268700072622,851.5576390794088,0.3630436536754619,0.1830864197530864,occupancy_issue,apple,True,1,L3,B3
221,01663557_009,01663557,flagged,-0.0842454611474219,0.6774514645364318,328.8712607681756,0.3293458672906748,0.1422222222222222,occupancy_issue,orange,True,1,L2,B1
222,01663557_003,01663557,pass,-0.0796364076494795,0.6561897845557977,1304.0373382716048,0.3543572984749455,0.3276543209876543,none,apple,True,1,L3,B3
223,01663557_008,01663557,flagged,-0.0664270152505446,0.6549276204308884,544.5015192043896,0.244106888297157,0.12,occupancy_issue,orange,True,1,L3,B1
224,01663557_002,01663557,pass,-0.1057818930041152,0.7025277172597434,1281.3879972412742,0.4368433793270393,0.285679012345679,none,apple,True,1,L2,B3
225,01663557_017,01663557,flagged,-0.0532849189058339,0.6507339627208908,430.8343290809328,0.0952648000215175,0.0801234567901234,"saturation_issue, occupancy_issue",cucumber,False,1,L2,B3
226,01663557_013,01663557,pass,-0.1459002662793512,0.4601946259985475,497.9246864197531,0.5773111164904919,0.4960493827160493,none,carrot,False,1,L2,B2
227,01663557_010,01663557,flagged,-0.0921464536431856,0.6765117404986685,283.022055540314,0.3376166653218214,0.1382716049382716,occupancy_issue,orange,True,1,L2,B1
228,01663557_014,01663557,pass,-0.177191963205035,0.5826293875574922,538.2645996646852,0.571830872266602,0.5406172839506173,none,carrot,False,1,L3,B2
229,01663557_018,01663557,flagged,-0.0508419268942144,0.595918179617526,393.69246419753085,0.1026748971193415,0.2065432098765432,saturation_issue,cucumber,False,1,L3,B3
230,01663557_020,01663557,flagged,-0.0502834664730089,0.6465398208666182,445.3303721383936,0.090873880416364,0.0196296296296296,"saturation_issue, occupancy_issue",cucumber,False,1,L2,B3
231,01663557_015,01663557,pass,-0.2177741466957153,0.5949547325102881,961.2179798658742,0.6944821001102772,0.8364197530864198,none,carrot,False,1,L2,B2
232,01663557_006,01663557,flagged,-0.0672389251997095,0.6308157831033647,270.57912458466694,0.2170109470399957,0.0812345679012345,occupancy_issue,orange,True,1,L2,B3
233,01663557_012,01663557,pass,-0.1473323650447833,0.5415957395303802,348.72955037341865,0.553352699104333,0.9109876543209876,none,carrot,False,1,L4,B3
234,01663557_004,01663557,pass,-0.0866901476640038,0.696079399661099,1309.2439460295686,0.4381774657736894,0.2739506172839506,none,apple,True,1,L2,B3
235,01663557_011,01663557,pass,-0.1483381747760832,0.5498402323892521,372.7533221155312,0.5813187552112752,0.7538271604938271,none,carrot,False,1,L2,B3
236,01663557_019,01663557,flagged,-0.0516148632292423,0.6014267731784071,497.8796296296296,0.098211355872939,0.1158024691358024,"saturation_issue, occupancy_issue",cucumber,False,1,L2,B3
237,01663557_007,01663557,flagged,-0.070193899782135,0.6589489227789881,277.06822380734644,0.2154858925737647,0.0903703703703703,occupancy_issue,orange,True,1,L2,B3
238,01663557_001,01663557,pass,-0.1451890583393851,0.6645698378116679,594.2115169029112,0.4780480916646494,0.8818518518518519,none,apple,True,1,L2,B1
239,01663557_016,01663557,flagged,-0.0536928104575163,0.6124270152505447,1245.5185944063403,0.2586998036525996,0.1530864197530864,occupancy_issue,cucumber,False,1,L3,B1
240,01495161_005,01495161,pass,-0.0887596223674655,0.4784633260711691,3218.845141045572,0.2957839102719277,0.95,none,cucumber,False,5,L2,B2
241,01495161_007,01495161,pass,-0.1257806826434277,0.6109155168240135,709.8259106843469,0.3511027730708195,1.0,none,apple,True,2,L1,B1
242,01495161_006,01495161,pass,-0.1495001210360687,0.6374543694020819,346.22243674744703,0.5445453078350683,0.804074074074074,none,apple,True,1,L1,B1
243,01495161_002,01495161,pass,-0.1370193657709997,0.6228215928346648,305.55607954580097,0.4507396648645741,0.748641975308642,none,cucumber,False,2,L1,B1
244,01495161_009,01495161,pass,-0.1587344468651658,0.4949276204308884,2725.1729967383026,0.6183531025578957,1.0,none,apple,True,4,L2,B2
245,01495161_008,01495161,pass,-0.0932580488985717,0.5836916000968287,862.2091110958695,0.3261115145646736,0.884320987654321,none,apple,True,3,L1,B1
246,01495161_003,01495161,pass,-0.1048591140159767,0.5673154199951586,852.1305575979271,0.3951249361198525,0.9328395061728396,none,cucumber,False,3,L1,B1
247,01495161_001,01495161,pass,-0.1049467441297506,0.6040353425320746,1262.4047456790122,0.3120726754350574,1.0,none,cucumber,False,1,L1,B1
248,01495161_004,01495161,pass,-0.1004577584120067,0.5028525780682643,3955.897254625819,0.3294480755265069,0.9950617283950616,none,cucumber,False,4,L2,B2
249,01495161_017,01495161,pass,-0.1827768094892277,0.6996436698136046,187.7360623532998,0.5929866322386292,0.6044444444444445,none,orange,True,2,L1,B1
250,01495161_018,01495161,pass,-0.2159290728637133,0.5794843863471314,600.1208739368999,0.6546693025632749,0.95320987654321,none,orange,True,3,L1,B1
251,01495161_020,01495161,pass,-0.2193238925199709,0.4440300169450497,1270.6790794086269,0.7300707388579575,0.9581481481481482,none,orange,True,5,L2,B2
252,01495161_019,01495161,pass,-0.1982345679012345,0.4387112079399661,1174.6034825636336,0.7209782404045293,0.9185185185185184,none,orange,True,4,L2,B2
253,01495161_010,01495161,pass,-0.114836359235052,0.4781263616557734,2225.3562962962965,0.53479786976519,0.971358024691358,none,apple,True,5,L2,B2
254,01495161_016,01495161,pass,-0.2192924231420963,0.5704541273299444,618.9820849870447,0.6137591113262865,1.0,none,orange,True,1,L1,B1
255,01495161_013,01495161,pass,-0.161438876785282,0.6263732752360203,1097.8401655083069,0.4324107695204282,1.0,none,carrot,False,3,L1,B1
256,01495161_015,01495161,pass,-0.1355841200677801,0.484398934882595,5801.5479405426,0.393384706420291,1.0,none,carrot,False,5,L2,B2
257,01495161_014,01495161,pass,-0.1357191963205035,0.4927441297506656,5290.839016171315,0.3855375346297641,1.0,none,carrot,False,4,L2,B2
258,01495161_012,01495161,pass,-0.1906579520697167,0.6590723795691116,952.7417792866942,0.5142109793162807,0.8993827160493827,none,carrot,False,2,L1,B1
259,01495161_011,01495161,pass,-0.1948044057129024,0.6158658920358268,1365.913340816949,0.4426248688775922,1.0,none,carrot,False,1,L1,B1
260,01650064_019,01650064,pass,-0.0985136770757685,0.5201118373275236,482.91545829903976,0.6664245945291697,1.0,none,orange,True,4,L1,B3
261,01650064_017,01650064,flagged,-0.0827368675865408,0.2793071895424836,385.37231214753854,0.501635331773313,0.6216049382716049,exposure_issue,orange,True,2,L3,B3
262,01650064_004,01650064,pass,-0.0645269910433309,0.5253614137012831,1069.3229482700808,0.2715914898195218,0.7698765432098765,none,carrot,False,4,L3,B2
263,01650064_020,01650064,pass,-0.1421079641733236,0.5196068748487049,371.6703675659199,0.6817665886656445,0.934567901234568,none,orange,True,5,L1,B3
264,01650064_007,01650064,pass,0.011954732510288,0.5218063422900024,1709.649841960067,0.2243981817692783,0.761358024691358,none,apple,True,2,L1,B1
265,01650064_014,01650064,flagged,-0.0356482691842168,0.2288869523117889,522.9208245541838,0.2476290378977379,0.422962962962963,exposure_issue,cucumber,False,4,L1,B3
266,01650064_016,01650064,pass,-0.022396998305495,0.5111411280561607,1502.789914266118,0.2516097797143548,0.5603703703703704,none,orange,True,1,L3,B3
267,01650064_006,01650064,pass,-0.0898620188816267,0.63120213023481,651.5986964639536,0.6491029882460528,0.7774074074074074,none,apple,True,1,L1,B1
268,01650064_010,01650064,flagged,-0.0310152505446623,0.2391633986928104,410.01468928517,0.2695177385082977,0.4834567901234567,exposure_issue,apple,True,5,L3,B2
269,01650064_005,01650064,pass,-0.0022670055676591,0.5180459937061244,1670.38833011736,0.2119812259608919,0.8008641975308642,none,carrot,False,5,L3,B3
270,01650064_001,01650064,pass,-0.029394093439845,0.4771295085935609,1589.2842672001218,0.233812098227494,0.4776543209876543,none,carrot,False,1,L1,B1
271,01650064_008,01650064,pass,-0.0527789881384652,0.603847010409102,2226.458452979729,0.3818903144248097,0.6998765432098766,none,apple,True,3,L3,B3
272,01650064_015,01650064,pass,-0.0342241587993222,0.4388724279835391,477.9792050602042,0.309513435003631,0.832962962962963,none,cucumber,False,5,L1,B1
273,01650064_018,01650064,pass,-0.0906105059307673,0.525591382231905,1180.240974607529,0.4962882272250464,0.6907407407407408,none,orange,True,3,L1,B3
274,01650064_003,01650064,flagged,-0.0564901960784313,0.3006526264826918,607.0191935832953,0.2782040937088141,0.4564197530864197,exposure_issue,carrot,False,3,L1,B1
275,01650064_013,01650064,pass,0.0080312273057371,0.5022139917695473,1465.8515570644718,0.2052435514672261,0.7139506172839506,none,cucumber,False,3,L3,B3
276,01650064_012,01650064,pass,-0.0469910433309126,0.529997579278625,1692.9779622618505,0.2348140079076898,0.3677777777777777,none,cucumber,False,2,L3,B2
277,01650064_009,01650064,pass,-0.0050200919874122,0.4672912127814088,511.136844063405,0.4007033540439496,0.9448148148148148,none,apple,True,4,L3,B2
278,01650064_002,01650064,pass,0.0059283466473008,0.4415662067296054,586.9502114159426,0.3008297694935313,0.9901234567901236,none,carrot,False,2,L1,B1
279,01650064_011,01650064,pass,-0.0170951343500363,0.4500580973129993,1572.1115740131077,0.2178555098308184,0.5764197530864198,none,cucumber,False,1,L3,B3
280,01658436_012,01658436,flagged,-0.06019728879206,0.4241326555313483,301.44956980643195,0.232261491702305,0.167037037037037,occupancy_issue,carrot,False,2,L2,B2
281,01658436_006,01658436,pass,-0.0962282740256596,0.65759573953038,221.623580231672,0.4916148901261464,0.2074074074074074,none,orange,True,1,L2,B1
282,01658436_016,01658436,flagged,-0.0579869281045751,0.650478818687969,573.7772587105624,0.2358697113962183,0.1016049382716049,occupancy_issue,cucumber,False,1,L2,B1
283,01658436_014,01658436,flagged,-0.0491089324618736,0.4385325587024933,386.265838667886,0.2080408295005245,0.1632098765432098,occupancy_issue,carrot,False,4,L2,B2
284,01658436_013,01658436,flagged,-0.0764635681433067,0.495843137254902,1501.7101419143426,0.2316321041448129,0.1514814814814815,occupancy_issue,carrot,False,3,L2,B2
285,01658436_015,01658436,flagged,-0.0596894214475913,0.4641825223916727,1364.362342249657,0.1866806530568331,0.1388888888888889,"saturation_issue, occupancy_issue",carrot,False,5,L2,B2
286,01658436_019,01658436,flagged,-0.0612955700798838,0.701835390946502,730.537343011736,0.2332714704537508,0.115679012345679,occupancy_issue,cucumber,False,4,L2,B1
287,01658436_007,01658436,pass,-0.0937671266037279,0.6882996853062212,312.679451303155,0.5092242932838431,0.2188888888888888,none,orange,True,2,L2,B1
288,01658436_011,01658436,pass,-0.0785754054708303,0.5278779956427014,1465.2802075750649,0.2818755211275182,0.4651851851851852,none,carrot,False,1,L2,B2
289,01658436_001,01658436,pass,-0.0766918421689663,0.5220808520939239,1260.653509769852,0.3282565426719385,0.774320987654321,none,apple,True,1,L1,B2
290,01658436_017,01658436,flagged,-0.0658518518518518,0.6853730331638828,655.2243697607072,0.2534697006374566,0.1092592592592592,occupancy_issue,cucumber,False,2,L2,B1
291,01658436_008,01658436,pass,-0.1457354151537158,0.7375366739288308,394.6981463039171,0.551436294682482,0.3374074074074074,none,orange,True,3,L2,B1
292,01658436_003,01658436,flagged,-0.0532841926894214,0.5108990559186637,1382.473621383935,0.2318445896877269,0.1333333333333333,occupancy_issue,apple,True,3,L1,B2
293,01658436_005,01658436,pass,-0.0241217622851609,0.4840503510045993,228.48047277853988,0.3389763038274295,0.6077777777777778,none,apple,True,5,L1,B2
294,01658436_018,01658436,flagged,-0.0634357298474945,0.7109431130476882,932.3261432098764,0.2398181769278355,0.1204938271604938,occupancy_issue,cucumber,False,3,L2,B1
295,01658436_010,01658436,pass,-0.1381815541031227,0.7028816267247641,415.0125580094498,0.6357863309933027,0.2867901234567901,none,orange,True,5,L2,B1
296,01658436_004,01658436,pass,-0.0042948438634713,0.4845809731299927,190.3078049687548,0.2882823636999381,0.7177777777777777,none,apple,True,4,L1,B2
297,01658436_009,01658436,pass,-0.1699271362866134,0.6970341321713871,466.8570507392166,0.7555286586513892,0.3766666666666666,none,orange,True,4,L2,B1
298,01658436_020,01658436,flagged,-0.0518482207697894,0.6495603969983056,807.5735317634505,0.235651846472471,0.1180246913580247,occupancy_issue,cucumber,False,5,L2,B1
299,01658436_002,01658436,flagged,-0.0682265795206971,0.4935008472524813,1662.6457460752931,0.328450200381936,0.1823456790123457,occupancy_issue,apple,True,2,L1,B2
300,014245930_006,014245930,pass,-0.1354170902929072,0.6810452674897118,442.311655829904,0.672505984561177,0.4477777777777778,none,orange,True,1,L1,B3
301,014245930_007,014245930,pass,-0.1032135076252723,0.5487392883079157,335.5395740131077,0.65826810834073,0.6496296296296297,none,orange,True,2,L1,B2
302,014245930_012,014245930,flagged,-0.0363638344226579,0.6221573468893731,435.07252705380273,0.1240498668603243,0.1717283950617284,"saturation_issue, occupancy_issue",cucumber,False,2,L1,B3
303,014245930_009,014245930,pass,-0.1336226095376422,0.5581166787702736,434.5787608443835,0.6890973398961779,0.6902469135802469,none,orange,True,4,L2,B2
304,014245930_001,014245930,pass,-0.0916441539578794,0.5800823045267489,232.85449876543208,0.4648430565641894,0.6630864197530865,none,apple,True,1,L1,B2
305,014245930_011,014245930,flagged,-0.037512466715081,0.585356088114258,197.0501315500686,0.1302630517227467,0.1582716049382716,"saturation_issue, occupancy_issue",cucumber,False,1,L1,B2
306,014245930_003,014245930,pass,-0.1175773420479302,0.5468056160735899,224.59024567901236,0.5364627881330859,0.7390123456790123,none,apple,True,3,L1,B2
307,014245930_015,014245930,flagged,-0.0348547567175018,0.6649987896393126,418.7692755829904,0.091171091207402,0.1051851851851851,"saturation_issue, occupancy_issue",cucumber,False,5,L2,B2
308,014245930_019,014245930,pass,-0.0685432098765432,0.5497855240861776,245.01225398567288,0.2363578902068371,0.2907407407407407,none,carrot,False,4,L2,B2
309,014245930_016,014245930,flagged,-0.0451716291454853,0.658726216412491,204.75207393689988,0.1693751849162161,0.1416049382716049,"saturation_issue, occupancy_issue",carrot,False,1,L1,B3
310,014245930_005,014245930,pass,-0.1055056886952311,0.5577017671266037,198.5627516537113,0.4539054304849511,0.687283950617284,none,apple,True,5,L2,B2
311,014245930_018,014245930,flagged,-0.0393529411764705,0.6526477850399418,295.9348191434233,0.1547836144059818,0.1150617283950617,"saturation_issue, occupancy_issue",carrot,False,3,L2,B3
312,014245930_004,014245930,pass,-0.1012962962962963,0.647515371580731,209.94206790123457,0.4854850856666398,0.3554320987654321,none,apple,True,4,L2,B3
313,014245930_017,014245930,pass,-0.0545872670055676,0.5314916485112563,242.59529833866787,0.2033849753893326,0.2161728395061728,none,carrot,False,2,L1,B2
314,014245930_008,014245930,pass,-0.1837029774872912,0.7009416606148632,536.015102499619,0.7656808951289706,0.4914814814814814,none,orange,True,3,L2,B3
315,014245930_002,014245930,pass,-0.0818961510530137,0.6164420237230694,244.36986623990245,0.5548616154280642,0.3876543209876543,none,apple,True,2,L1,B3
316,014245930_013,014245930,flagged,-0.037952795933188,0.5964304042604696,185.4388467611644,0.124507114231152,0.1511111111111111,"saturation_issue, occupancy_issue",cucumber,False,3,L1,B2
317,014245930_010,014245930,pass,-0.1454722827402566,0.6962890341321712,421.8323834019204,0.6395424836601308,0.3803703703703703,none,orange,True,5,L2,B3
318,014245930_014,014245930,flagged,-0.037512466715081,0.585356088114258,197.0501315500686,0.1302630517227467,0.1582716049382716,"saturation_issue, occupancy_issue",cucumber,False,4,L2,B3
319,014245930_020,014245930,flagged,-0.0374655047204066,0.6311348341805859,326.24375325407715,0.1653003039350171,0.1235802469135802,"saturation_issue, occupancy_issue",carrot,False,5,L2,B3
320,01452427_012,01452427,pass,-0.1191060275962236,0.5600367949648994,500.8756113244932,0.3399620753651254,0.8469135802469135,none,cucumber,False,1,L3,B3
321,01452427_004,01452427,pass,-0.1750205761316872,0.587678528201404,2767.2241960067063,0.5550310659243122,0.98679012345679,none,apple,True,2,L2,B3
322,01452427_016,01452427,pass,-0.167676591624304,0.6195584604212054,307.4952949245542,0.4038960165684929,0.8648148148148148,none,carrot,False,1,L2,B3
323,01452427_001,01452427,pass,-0.1946773178407165,0.5709949164851125,1786.768589102271,0.6527784502003819,0.9544444444444444,none,apple,True,1,L2,B3
324,01452427_005,01452427,pass,-0.1721997095134349,0.5722749939481965,1751.460067611645,0.5848799053228974,1.0,none,apple,True,2,L2,B3
325,01452427_010,01452427,flagged,-0.2854195110142822,0.5891450012103607,560.6801805212621,0.8793862126469243,1.0,blue_channel_issue,orange,True,1,L2,B2
326,01452427_017,01452427,pass,-0.167676591624304,0.6195584604212054,307.4952949245542,0.4038960165684929,0.8648148148148148,none,carrot,False,1,L2,B3
327,01452427_018,01452427,pass,-0.167676591624304,0.6195584604212054,307.4952949245542,0.4038960165684929,0.8648148148148148,none,carrot,False,1,L2,B3
328,01452427_014,01452427,pass,-0.0911815541031227,0.6069373033163883,651.0735655540315,0.255009548400979,0.9887654320987654,none,cucumber,False,1,L3,B1
329,01452427_015,01452427,pass,-0.0837908496732026,0.6157690631808278,742.3912179698217,0.2326595658839667,0.7588888888888888,none,cucumber,False,1,L3,B1
330,01452427_003,01452427,pass,-0.1318034374243524,0.4075550714112805,818.4759003048316,0.6358078485166357,0.8674074074074074,none,apple,True,1,L3,B3
331,01452427_007,01452427,pass,-0.2392870975550713,0.5206792544178165,467.7707800030483,0.8104306194357029,0.9155555555555556,none,orange,True,1,L2,B3
332,01452427_002,01452427,pass,-0.1740585814572742,0.5476417332365044,1610.796853772291,0.5862906479464215,0.8740740740740741,none,apple,True,1,L2,B3
333,01452427_006,01452427,flagged,-0.3118034374243524,0.6223703703703705,1111.4367361073007,0.8163398692810457,0.9828395061728395,blue_channel_issue,orange,True,1,L2,B3
334,01452427_013,01452427,pass,-0.1177414669571532,0.5731009440813363,878.8607171315348,0.2879340487909841,1.0,none,cucumber,False,1,L3,B3
335,01452427_008,01452427,pass,-0.235120309852336,0.5617191963205035,608.9989098613016,0.7966499905860835,0.9833333333333332,none,orange,True,1,L2,B3
336,01452427_009,01452427,flagged,-0.2854195110142822,0.5891450012103607,560.6801805212621,0.8793862126469243,1.0,blue_channel_issue,orange,True,1,L2,B2
337,01452427_019,01452427,pass,-0.1863214717985959,0.6301820382473977,310.05390617283945,0.4739664864574087,0.874320987654321,none,carrot,False,2,L2,B3
338,01452427_011,01452427,flagged,-0.0637673686758654,0.6644807552650691,722.0969089468069,0.2077153769601119,0.1946913580246913,occupancy_issue,cucumber,False,1,L3,B1
339,01452427_020,01452427,pass,-0.1534722827402566,0.4998746066327765,562.1424222527054,0.4805790903467011,1.0,none,carrot,False,2,L2,B2
340,01430300_011,01430300,pass,-0.1775531348341805,0.5323800532558702,261.38944872732816,0.5717125258882703,0.8765432098765432,none,apple,True,3,L1,B2
341,01430300_009,01430300,pass,-0.1584860808520939,0.5452611958363592,473.593927693949,0.3755211275182226,0.7409876543209877,none,cucumber,False,3,L1,B2
342,01430300_007,01430300,pass,-0.1308414427499395,0.6587901234567902,273.40089382716053,0.4309341294816966,1.0,none,apple,True,2,L2,B2
343,01430300_006,01430300,pass,-0.1712425562817719,0.6527392883079157,152.9719657826551,0.4977756260254444,0.9891358024691358,none,orange,True,2,L2,B2
344,01430300_002,01430300,flagged,-0.2557545388525781,0.6126390704429919,784.7890031854901,0.5703865085128701,1.0,blue_channel_issue,orange,True,1,L2,B2
345,01430300_010,01430300,pass,-0.2021433067053982,0.5239380295328008,397.6249775339125,0.7356895021383038,0.8649382716049383,none,orange,True,3,L1,B2
346,01430300_004,01430300,pass,-0.2051832486080852,0.5777037037037036,1132.860922664228,0.4412948169665671,1.0,none,carrot,False,1,L2,B2
347,01430300_008,01430300,pass,-0.1293396272089082,0.6435807310578554,213.62723333333332,0.3794507652169235,1.0,none,carrot,False,2,L2,B2
348,01430300_003,01430300,pass,-0.2206683611716291,0.5857869765190027,1300.9344989330891,0.5271981494929934,1.0,none,apple,True,1,L2,B2
349,01430300_001,01430300,pass,-0.1954880174291939,0.5754296780440571,1329.0394373418685,0.3339048925468678,1.0,none,cucumber,False,1,L2,B2
350,01430300_005,01430300,pass,-0.1021399176954732,0.6091430646332608,482.6573578875172,0.3091610855590521,1.0,none,cucumber,False,2,L2,B2
351,01430300_014,01430300,flagged,-4.986686032437517e-05,0.4868327281529896,248.29360213382105,0.1932125662336264,0.1488888888888888,"saturation_issue, occupancy_issue",orange,True,4,L1,B2
352,01430300_015,01430300,pass,-0.0199406923263132,0.4815337690631808,363.0811121932632,0.2920304472955162,0.8651851851851852,none,apple,True,4,L1,B2
353,01430300_018,01430300,pass,-0.0877380779472282,0.6673284918905834,197.44476870903827,0.3517751956749778,0.2396296296296296,none,orange,True,5,L2,B1
354,01430300_013,01430300,pass,-0.1306686032437666,0.560480755265069,343.6009188233501,0.4991110573173028,1.0,none,cucumber,False,4,L1,B2
355,01430300_016,01430300,flagged,0.0288900992495763,0.4825974340353425,376.8825924554184,0.1086877000457247,0.2634567901234568,"blue_channel_issue, saturation_issue",carrot,False,4,L1,B2
356,01430300_019,01430300,pass,-0.1010036310820624,0.6373134834180586,145.165112924859,0.2736625514403292,0.5804938271604938,none,apple,True,5,L2,B1
357,01430300_020,01430300,pass,-0.1720266279351247,0.6779559428709756,340.0743248132906,0.606369186906587,0.351358024691358,none,carrot,False,5,L2,B1
358,01430300_017,01430300,flagged,-0.0678201404018397,0.6480077463084001,519.4923592592593,0.1945520320611098,0.3317283950617284,saturation_issue,cucumber,False,5,L2,B1
359,01430300_012,01430300,pass,-0.156554345194868,0.5327596223674654,318.13720432860845,0.5200449178299578,0.7854320987654321,none,carrot,False,3,L1,B2
360,01570623_003,01570623,pass,-0.0841808278867102,0.6387223432582909,305.09529650967846,0.280103015142957,0.2718518518518518,none,apple,True,1,L1,B3
361,01570623_015,01570623,flagged,-0.0856632776567417,0.64559573953038,402.3245832037799,0.2179415799241507,0.1335802469135802,occupancy_issue,carrot,False,1,L2,B2
362,01570623_010,01570623,flagged,-0.0999842653110627,0.6695211813120311,547.1742529492456,0.2874673875036983,0.1306172839506172,occupancy_issue,orange,True,1,L2,B2
363,01570623_013,01570623,pass,-0.0952636165577342,0.6751048172355363,368.9919379820149,0.241944377202184,0.2435802469135802,none,carrot,False,1,L1,B3
364,01570623_008,01570623,pass,-0.1094812394093439,0.6657380779472282,260.4671345679012,0.306564189461793,0.8624691358024691,none,orange,True,1,L1,B3
365,01570623_011,01570623,flagged,-0.0678286129266521,0.6450931977729362,493.05379574759945,0.1887557492132655,0.05,"saturation_issue, occupancy_issue",carrot,False,1,L1,B1
366,01570623_009,01570623,flagged,-0.1097032195594287,0.7006763495521665,421.46931467764057,0.331199063987735,0.149753086419753,occupancy_issue,orange,True,1,L2,B1
367,01570623_016,01570623,pass,-0.0967061244250786,0.6531217622851611,851.7907340192045,0.2959116705667177,0.9392592592592592,none,cucumber,False,1,L1,B1
368,01570623_018,01570623,flagged,-0.0735320745582183,0.6317032195594288,455.8345629477213,0.2581094166061486,0.1318518518518518,occupancy_issue,cucumber,False,1,L1,B3
369,01570623_017,01570623,pass,-0.0957334785766158,0.6552578068264342,577.5659073921659,0.315758896151053,0.9587654320987654,none,cucumber,False,1,L1,B2
370,01570623_019,01570623,flagged,-0.0722016460905349,0.6374577584120067,460.1499895747599,0.2265741413163345,0.1245679012345679,occupancy_issue,cucumber,False,1,L2,B1
371,01570623_001,01570623,pass,-0.1062684580004841,0.6876562575647543,290.1301858100899,0.3244990451599021,0.2569135802469136,none,apple,True,1,L1,B1
372,01570623_002,01570623,pass,-0.1357448559670782,0.6742827402565965,358.2969314891023,0.5110855590521531,0.2985185185185185,none,apple,True,1,L1,B2
373,01570623_007,01570623,pass,-0.1020024207213749,0.6332984749455338,318.57535747599456,0.2715538341536889,1.0,none,orange,True,1,L1,B2
374,01570623_014,01570623,flagged,-0.0797591382231905,0.6381190994916486,315.2251392165828,0.1903372871782457,0.2119753086419753,saturation_issue,carrot,False,1,L2,B1
375,01570623_004,01570623,flagged,-0.097916243040426,0.662069232631324,362.4653261850327,0.3577073078888619,0.1839506172839506,occupancy_issue,apple,True,1,L2,B1
376,01570623_020,01570623,pass,-0.0853519728879205,0.6280716533526992,759.4644446121018,0.2814828263266898,0.4465432098765432,none,cucumber,False,1,L2,B2
377,01570623_012,01570623,flagged,-0.0876828854998789,0.6677250060518034,451.317037037037,0.2327886710239651,0.177037037037037,occupancy_issue,carrot,False,1,L1,B2
378,01570623_005,01570623,pass,-0.1083352699104333,0.6543819898329701,290.4801585124219,0.4684203448183114,0.2660493827160494,none,apple,True,1,L2,B2
379,01570623_006,01570623,pass,-0.103600096828855,0.651112563543936,372.3184301173602,0.2681527206218564,0.9596296296296296,none,orange,True,1,L1,B1
